,primary_sector,category_list,variable,main_sector
0,Media,Media,Entertainment,1
1,Application Platforms,Application Platforms,"News, Search and Messaging",1
2,Apps,Apps,"News, Search and Messaging",1
3,Curated Web,Curated Web,"News, Search and Messaging",1
4,Software,Software,Others,1
5,Biotechnology,Biotechnology,Cleantech / Semiconductors,1
6,Education,Education,Others,1
7,Beauty,Beauty,Health,1
8,Local Businesses,Local Businesses,Others,1
9,Cosmetics,Cosmetics,Health,1
10,Games,Games,Entertainment,1
11,Hospitality,Hospitality,Others,1
12,Health Care,Health Care,Health,1
13,iOS,iOS,Others,1
14,Social Travel,Social Travel,"Social, Finance, Analytics, Advertising",1
15,Enterprise Software,Enterprise Software,Others,1
16,Advertising,Advertising,"Social, Finance, Analytics, Advertising",1
17,E-Commerce,E-Commerce,Others,1
18,Internet,Internet,"News, Search and Messaging",1
19,Service Providers,Service Providers,Others,1
20,Mobile,Mobile,"News, Search and Messaging",1
21,Manufacturing,Manufacturing,Manufacturing,1
22,Public Transportation,Public Transportation,Health,1
23,Travel,Travel,Entertainment,1
24,Baby Accessories,Baby Accessories,Health,1
25,Cars,Cars,Automotive & Sports,1
26,Clean Technology,Clean Technology,Cleantech / Semiconductors,1
27,Health and Wellness,Health and Wellness,Health,1
28,News,News,"News, Search and Messaging",1
29,Art,Art,Entertainment,1
30,Big Data,Big Data,"Social, Finance, Analytics, Advertising",1
31,Customer Service,Customer Service,"Social, Finance, Analytics, Advertising",1
32,Real Estate,Real Estate,Others,1
33,EdTech,EdTech,Others,1
34,Computers,Computers,Manufacturing,1
35,Services,Services,Others,1
36,Cloud Computing,Cloud Computing,"News, Search and Messaging",1
37,Ad Targeting,Ad Targeting,"Social, Finance, Analytics, Advertising",1
38,Credit Cards,Credit Cards,"Social, Finance, Analytics, Advertising",1
39,Hardware + Software,Hardware + Software,Manufacturing,1
40,Internet of Things,Internet of Things,"Social, Finance, Analytics, Advertising",1
41,Cloud Infrastructure,Cloud Infrastructure,"News, Search and Messaging",1
42,SaaS,SaaS,Others,1
43,Messaging,Messaging,"News, Search and Messaging",1
44,Information Technology,Information Technology,"Social, Finance, Analytics, Advertising",1
45,Consumer Electronics,Consumer Electronics,Manufacturing,1
46,Data Centers,Data Centers,"Social, Finance, Analytics, Advertising",1
47,Point of Sale,Point of Sale,Others,1
48,Artificial Intelligence,Artificial Intelligence,"Social, Finance, Analytics, Advertising",1
49,Android,Android,"Social, Finance, Analytics, Advertising",1
50,Enterprises,Enterprises,Others,1
51,Blogging Platforms,Blogging Platforms,"News, Search and Messaging",1
52,3D Technology,3D Technology,Manufacturing,1
53,3D,3D,Manufacturing,1
54,3D Printing,3D Printing,Manufacturing,1
55,Drones,Drones,Automotive & Sports,1
56,Technology,Technology,Others,1
57,Automotive,Automotive,Automotive & Sports,1
58,Automated Kiosk,Automated Kiosk,Automotive & Sports,1
59,Music,Music,Entertainment,1
60,Semiconductors,Semiconductors,Cleantech / Semiconductors,1
61,Web Hosting,Web Hosting,Others,1
62,Cloud Data Services,Cloud Data Services,"News, Search and Messaging",1
63,Consulting,Consulting,"Social, Finance, Analytics, Advertising",1
64,Game,Game,Entertainment,1
65,Physical Security,Physical Security,Others,1
66,Coupons,Coupons,"Social, Finance, Analytics, Advertising",1
67,Security,Security,Others,1
68,Databases,Databases,"Social, Finance, Analytics, Advertising",1
69,Flash Storage,Flash Storage,Others,1
70,Animal Feed,Animal Feed,Health,1
71,Machine Learning,Machine Learning,"Social, Finance, Analytics, Advertising",1
72,Commercial Real Estate,Commercial Real Estate,"News, Search and Messaging",1
73,Anything Capital Intensive,Anything Capital Intensive,"Social, Finance, Analytics, Advertising",1
74,Human Resources,Human Resources,Others,1
75,Office Space,Office Space,Others,1
76,Online Shopping,Online Shopping,"News, Search and Messaging",1
77,Carbon,Carbon,Cleantech / Semiconductors,1
78,Leisure,Leisure,Entertainment,1
79,Photography,Photography,Entertainment,1
80,Consumer Internet,Consumer Internet,"Social, Finance, Analytics, Advertising",1
81,Video,Video,Entertainment,1
82,Startups,Startups,Others,1
83,Accounting,Accounting,"Social, Finance, Analytics, Advertising",1
84,Concentrated Solar Power,Concentrated Solar Power,Cleantech / Semiconductors,1
85,B2B,B2B,"Social, Finance, Analytics, Advertising",1
86,Bicycles,Bicycles,Automotive & Sports,1
87,Content Creators,Content Creators,Entertainment,1
88,Brand Marketing,Brand Marketing,"Social, Finance, Analytics, Advertising",1
89,Networking,Networking,Others,1
90,Digital Entertainment,Digital Entertainment,Entertainment,1
91,Exercise,Exercise,Health,1
92,Food Processing,Food Processing,Manufacturing,1
93,Crowdsourcing,Crowdsourcing,"Social, Finance, Analytics, Advertising",1
94,Chemicals,Chemicals,Cleantech / Semiconductors,1
95,Consumer Goods,Consumer Goods,Manufacturing,1
96,Audio,Audio,Entertainment,1
97,Batteries,Batteries,Manufacturing,1
98,Search,Search,"News, Search and Messaging",1
99,Telecommunications,Telecommunications,Others,1
100,Social Media,Social Media,"Social, Finance, Analytics, Advertising",1
101,Health Care Information Technology,Health Care Information Technology,Health,1
102,Oil & Gas,Oil & Gas,Others,1
103,Audiobooks,Audiobooks,Entertainment,1
104,Business Services,Business Services,"Social, Finance, Analytics, Advertising",1
105,Doctors,Doctors,Health,1
106,Innovation Engineering,Innovation Engineering,"Social, Finance, Analytics, Advertising",1
107,Collaboration,Collaboration,"Social, Finance, Analytics, Advertising",1
108,Information Security,Information Security,"Social, Finance, Analytics, Advertising",1
109,Events,Events,Entertainment,1
110,Coffee,Coffee,Entertainment,1
111,Energy,Energy,Cleantech / Semiconductors,1
112,Government Innovation,Government Innovation,Others,1
113,Medical,Medical,Health,1
114,Clean Energy,Clean Energy,Cleantech / Semiconductors,1
115,Logistics,Logistics,Others,1
116,Domains,Domains,"News, Search and Messaging",1
117,Homeland Security,Homeland Security,Others,1
118,Development Platforms,Development Platforms,"Social, Finance, Analytics, Advertising",1
119,Credit,Credit,"Social, Finance, Analytics, Advertising",1
120,Medical Devices,Medical Devices,Health,1
121,Construction,Construction,Manufacturing,1
122,Content,Content,Entertainment,1
123,Internet Radio Market,Internet Radio Market,"News, Search and Messaging",1
124,Employer Benefits Programs,Employer Benefits Programs,"Social, Finance, Analytics, Advertising",1
125,Fashion,Fashion,Entertainment,1
126,Design,Design,Automotive & Sports,1
127,Advertising Platforms,Advertising Platforms,"Social, Finance, Analytics, Advertising",1
128,Sports,Sports,Automotive & Sports,1
129,CRM,CRM,"Social, Finance, Analytics, Advertising",1
130,Data Integration,Data Integration,"Social, Finance, Analytics, Advertising",1
131,Hardware,Hardware,Manufacturing,1
132,Facebook Applications,Facebook Applications,"Social, Finance, Analytics, Advertising",1
133,Comparison Shopping,Comparison Shopping,"News, Search and Messaging",1
134,Electronics,Electronics,Manufacturing,1
135,Intellectual Property,Intellectual Property,Others,1
136,Bio-Pharm,Bio-Pharm,Cleantech / Semiconductors,1
137,Business Intelligence,Business Intelligence,"Social, Finance, Analytics, Advertising",1
138,Entertainment,Entertainment,Entertainment,1
139,Assisitive Technology,Assisitive Technology,Health,1
140,Child Care,Child Care,Health,1
141,Digital Media,Digital Media,Entertainment,1
142,Content Delivery,Content Delivery,Entertainment,1
143,Marketing Automation,Marketing Automation,"Social, Finance, Analytics, Advertising",1
144,Electrical Distribution,Electrical Distribution,Manufacturing,1
145,Renewable Energies,Renewable Energies,Cleantech / Semiconductors,1
146,Human Resource Automation,Human Resource Automation,Others,1
147,Payments,Payments,"Social, Finance, Analytics, Advertising",1
148,Colleges,Colleges,"Social, Finance, Analytics, Advertising",1
149,Embedded Hardware and Software,Embedded Hardware and Software,Manufacturing,1
150,Aerospace,Aerospace,Automotive & Sports,1
151,Direct Sales,Direct Sales,"News, Search and Messaging",1
152,DOD/Military,DOD/Military,Manufacturing,1
153,Alumni,Alumni,Others,1
154,Furniture,Furniture,Manufacturing,1
155,Consumer Lending,Consumer Lending,"Social, Finance, Analytics, Advertising",1
156,Ediscovery,Ediscovery,Others,1
157,Business Development,Business Development,"Social, Finance, Analytics, Advertising",1
158,Commodities,Commodities,Cleantech / Semiconductors,1
159,Information Services,Information Services,"Social, Finance, Analytics, Advertising",1
160,Gps,Gps,"News, Search and Messaging",1
161,Lasers,Lasers,Health,1
162,Agriculture,Agriculture,Manufacturing,1
163,Legal,Legal,Others,1
164,Broadcasting,Broadcasting,"News, Search and Messaging",1
165,Employment,Employment,Others,1
166,Online Travel,Online Travel,"News, Search and Messaging",1
167,Hotels,Hotels,Entertainment,1
168,Health Diagnostics,Health Diagnostics,Health,1
169,Content Syndication,Content Syndication,Entertainment,1
170,Public Relations,Public Relations,"Social, Finance, Analytics, Advertising",1
171,Business Productivity,Business Productivity,"Social, Finance, Analytics, Advertising",1
172,Interface Design,Interface Design,Entertainment,1
173,iPhone,iPhone,Others,1
174,Retail,Retail,"Social, Finance, Analytics, Advertising",1
175,Mining Technologies,Mining Technologies,Cleantech / Semiconductors,1
176,Pharmaceuticals,Pharmaceuticals,Health,1
177,Fitness,Fitness,Health,1
178,Network Security,Network Security,Others,1
179,Data Mining,Data Mining,"Social, Finance, Analytics, Advertising",1
180,Cloud Security,Cloud Security,"News, Search and Messaging",1
181,Healthcare Services,Healthcare Services,Health,1
182,Charter Schools,Charter Schools,"Social, Finance, Analytics, Advertising",1
183,Architecture,Architecture,Manufacturing,1
184,Home Automation,Home Automation,Cleantech / Semiconductors,1
185,Algorithms,Algorithms,Others,1
186,Bitcoin,Bitcoin,Cleantech / Semiconductors,1
187,Internet Service Providers,Internet Service Providers,"News, Search and Messaging",1
188,Nonprofits,Nonprofits,Others,1
189,Industrial,Industrial,Manufacturing,1
190,Distribution,Distribution,Others,1
191,Communications Hardware,Communications Hardware,Manufacturing,1
192,Location Based Services,Location Based Services,Others,1
193,Social Commerce,Social Commerce,"Social, Finance, Analytics, Advertising",1
194,Gambling,Gambling,Entertainment,1
195,Internet Marketing,Internet Marketing,"Social, Finance, Analytics, Advertising",1
196,Active Lifestyle,Active Lifestyle,Health,1
197,Wine And Spirits,Wine And Spirits,Entertainment,1
198,Cooking,Cooking,Health,1
199,Pets,Pets,Health,1
200,Communities,Communities,"Social, Finance, Analytics, Advertising",1
201,Estimation and Quoting,Estimation and Quoting,"Social, Finance, Analytics, Advertising",1
202,Diagnostics,Diagnostics,Health,1
203,Environmental Innovation,Environmental Innovation,Cleantech / Semiconductors,1
204,Small and Medium Businesses,Small and Medium Businesses,Others,1
205,Specialty Foods,Specialty Foods,Health,1
206,Sensors,Sensors,Others,1
207,Mobile Security,Mobile Security,Others,1
208,Recruiting,Recruiting,"News, Search and Messaging",1
209,Corporate Wellness,Corporate Wellness,Health,1
210,Crowdfunding,Crowdfunding,"Social, Finance, Analytics, Advertising",1
211,Incubators,Incubators,"Social, Finance, Analytics, Advertising",1
212,VoIP,VoIP,Entertainment,1
213,Gold,Gold,"Social, Finance, Analytics, Advertising",1
214,Local,Local,Others,1
215,Discounts,Discounts,"Social, Finance, Analytics, Advertising",1
216,Ticketing,Ticketing,Entertainment,1
217,Wireless,Wireless,Entertainment,1
218,Biometrics,Biometrics,Cleantech / Semiconductors,1
219,Enterprise Security,Enterprise Security,Others,1
220,DIY,DIY,Others,1
221,Banking,Banking,"Social, Finance, Analytics, Advertising",1
222,Local Search,Local Search,"News, Search and Messaging",1
223,App Discovery,App Discovery,"News, Search and Messaging",1
224,Advertising Exchanges,Advertising Exchanges,"Social, Finance, Analytics, Advertising",1
225,Application Performance Monitoring,Application Performance Monitoring,"News, Search and Messaging",1
226,Meeting Software,Meeting Software,"News, Search and Messaging",1
227,App Stores,App Stores,"News, Search and Messaging",1
228,Opinions,Opinions,Others,1
229,Delivery,Delivery,"News, Search and Messaging",1
230,Social Television,Social Television,"Social, Finance, Analytics, Advertising",1
231,Online Scheduling,Online Scheduling,"News, Search and Messaging",1
232,Consumers,Consumers,"Social, Finance, Analytics, Advertising",1
233,Developer Tools,Developer Tools,"Social, Finance, Analytics, Advertising",1
234,App Marketing,App Marketing,"News, Search and Messaging",1
235,All Markets,All Markets,Others,1
236,Corporate IT,Corporate IT,"Social, Finance, Analytics, Advertising",1
237,All Students,All Students,Others,1
238,Developer APIs,Developer APIs,"Social, Finance, Analytics, Advertising",1
239,Marketplaces,Marketplaces,Others,1
240,Water,Water,Cleantech / Semiconductors,1
241,Energy Efficiency,Energy Efficiency,Cleantech / Semiconductors,1
242,Billing,Billing,"Social, Finance, Analytics, Advertising",1
243,Brokers,Brokers,"News, Search and Messaging",1
244,Publishing,Publishing,"News, Search and Messaging",1
245,Restaurants,Restaurants,Entertainment,1
246,Email,Email,"News, Search and Messaging",1
247,Therapeutics,Therapeutics,Health,1
248,Cyber Security,Cyber Security,"Social, Finance, Analytics, Advertising",1
249,Photo Sharing,Photo Sharing,Entertainment,1
250,Data Security,Data Security,"Social, Finance, Analytics, Advertising",1
251,Dental,Dental,Health,1
252,Data Privacy,Data Privacy,"Social, Finance, Analytics, Advertising",1
253,Social Business,Social Business,"Social, Finance, Analytics, Advertising",1
254,Fuels,Fuels,Automotive & Sports,1
255,Identity,Identity,Others,1
256,Diabetes,Diabetes,Health,1
257,Intelligent Systems,Intelligent Systems,Others,1
258,Logistics Company,Logistics Company,Others,1
259,Engineering Firms,Engineering Firms,Others,1
260,Hospitals,Hospitals,Health,1
261,Auctions,Auctions,"Social, Finance, Analytics, Advertising",1
262,Consumer Behavior,Consumer Behavior,"Social, Finance, Analytics, Advertising",1
263,Bridging Online and Offline,Bridging Online and Offline,"Social, Finance, Analytics, Advertising",1
264,SEO,SEO,"News, Search and Messaging",1
265,Artists Globally,Artists Globally,Entertainment,1
266,Real Time,Real Time,Others,1
267,Film,Film,Entertainment,1
268,Augmented Reality,Augmented Reality,"Social, Finance, Analytics, Advertising",1
269,Defense,Defense,Manufacturing,1
270,Sales Automation,Sales Automation,Others,1
271,Private School,Private School,Others,1
272,Governments,Governments,Others,1
273,Infrastructure,Infrastructure,"Social, Finance, Analytics, Advertising",1
274,Archiving,Archiving,"News, Search and Messaging",1
275,Bioinformatics,Bioinformatics,Cleantech / Semiconductors,1
276,Public Safety,Public Safety,Health,1
277,Fraud Detection,Fraud Detection,"Social, Finance, Analytics, Advertising",1
278,Enterprise Search,Enterprise Search,"News, Search and Messaging",1
279,Babies,Babies,Health,1
280,File Sharing,File Sharing,Others,1
281,Classifieds,Classifieds,"News, Search and Messaging",1
282,Corporate Training,Corporate Training,"Social, Finance, Analytics, Advertising",1
283,E-Commerce Platforms,E-Commerce Platforms,Others,1
284,Entertainment Industry,Entertainment Industry,Entertainment,1
285,Clinical Trials,Clinical Trials,Health,1
286,Reviews and Recommendations,Reviews and Recommendations,Entertainment,1
287,iPad,iPad,Others,1
288,Creative Industries,Creative Industries,Entertainment,1
289,Freelancers,Freelancers,Others,1
290,Collaborative Consumption,Collaborative Consumption,"Social, Finance, Analytics, Advertising",1
291,Internet Infrastructure,Internet Infrastructure,"News, Search and Messaging",1
292,Communications Infrastructure,Communications Infrastructure,Manufacturing,1
293,Advice,Advice,Others,1
294,Coworking,Coworking,"Social, Finance, Analytics, Advertising",1
295,Social Network Media,Social Network Media,"Social, Finance, Analytics, Advertising",1
296,E-Books,E-Books,Entertainment,1
297,Local Advertising,Local Advertising,"Social, Finance, Analytics, Advertising",1
298,Chat,Chat,"News, Search and Messaging",1
299,Mobile Commerce,Mobile Commerce,"Social, Finance, Analytics, Advertising",1
300,FreetoPlay Gaming,FreetoPlay Gaming,Entertainment,1
301,Cyber,Cyber,"Social, Finance, Analytics, Advertising",1
302,Emerging Markets,Emerging Markets,Others,1
303,Outsourcing,Outsourcing,Others,1
304,Open Source,Open Source,Others,1
305,Mobility,Mobility,Others,1
306,Transportation,Transportation,Automotive & Sports,1
307,Health and Insurance,Health and Insurance,Health,1
308,Direct Marketing,Direct Marketing,"News, Search and Messaging",1
309,Licensing,Licensing,Others,1
310,Groceries,Groceries,Manufacturing,1
311,CAD,CAD,Automotive & Sports,1
312,New Technologies,New Technologies,Manufacturing,1
313,Venture Capital,Venture Capital,"Social, Finance, Analytics, Advertising",1
314,Recreation,Recreation,Others,1
315,EBooks,EBooks,Entertainment,1
316,Comics,Comics,Entertainment,1
317,Non-Tech,Non-Tech,Others,1
318,Email Marketing,Email Marketing,"Social, Finance, Analytics, Advertising",1
319,Product Development Services,Product Development Services,Others,1
320,Home & Garden,Home & Garden,Cleantech / Semiconductors,1
321,Lifestyle Businesses,Lifestyle Businesses,Entertainment,1
322,Life Sciences,Life Sciences,Others,1
323,Mass Customization,Mass Customization,Others,1
324,Weddings,Weddings,Entertainment,1
325,Politics,Politics,Others,1
326,Contact Centers,Contact Centers,"Social, Finance, Analytics, Advertising",1
327,Creative,Creative,Entertainment,1
328,Wearables,Wearables,Cleantech / Semiconductors,1
329,Gadget,Gadget,Manufacturing,1
330,Social News,Social News,"Social, Finance, Analytics, Advertising",1
331,Rental Housing,Rental Housing,Others,1
332,Trading,Trading,Others,1
333,Organic Food,Organic Food,Health,1
334,Productivity Software,Productivity Software,Others,1
335,Industrial Automation,Industrial Automation,Automotive & Sports,1
336,Optical Communications,Optical Communications,Manufacturing,1
337,EDA Tools,EDA Tools,Others,1
338,Insurance,Insurance,"Social, Finance, Analytics, Advertising",1
339,Sales and Marketing,Sales and Marketing,"Social, Finance, Analytics, Advertising",1
340,Online Rental,Online Rental,"News, Search and Messaging",1
341,College Campuses,College Campuses,Others,1
342,Home Decor,Home Decor,Cleantech / Semiconductors,1
343,Parking,Parking,Others,1
344,Gift Card,Gift Card,Others,1
345,Auto,Auto,Automotive & Sports,1
346,Electronic Health Records,Electronic Health Records,Health,1
347,Assisted Living,Assisted Living,Health,1
348,Elder Care,Elder Care,Health,1
349,Families,Families,Others,1
350,Baby Boomers,Baby Boomers,Health,1
351,Cable,Cable,"News, Search and Messaging",1
352,Law Enforcement,Law Enforcement,Others,1
353,Distributors,Distributors,Others,1
354,Video Streaming,Video Streaming,Entertainment,1
355,Online Identity,Online Identity,Others,1
356,Simulation,Simulation,Others,1
357,New Product Development,New Product Development,Manufacturing,1
358,Computer Vision,Computer Vision,Manufacturing,1
359,Health Services Industry,Health Services Industry,Health,1
360,Certification Test,Certification Test,"News, Search and Messaging",1
361,Shopping,Shopping,Entertainment,1
362,Utilities,Utilities,Others,1
363,Career Planning,Career Planning,"Social, Finance, Analytics, Advertising",1
364,Market Research,Market Research,"Social, Finance, Analytics, Advertising",1
365,Fantasy Sports,Fantasy Sports,Entertainment,1
366,Designers,Designers,Automotive & Sports,1
367,Charity,Charity,"Social, Finance, Analytics, Advertising",1
368,Farming,Farming,Manufacturing,1
369,Mobile Games,Mobile Games,Entertainment,1
370,Collectibles,Collectibles,Others,1
371,Tea,Tea,Others,1
372,Systems,Systems,Others,1
373,Online Video Advertising,Online Video Advertising,Entertainment,1
374,PaaS,PaaS,"Social, Finance, Analytics, Advertising",1
375,Image Recognition,Image Recognition,"Social, Finance, Analytics, Advertising",1
376,Angels,Angels,Others,1
377,Electric Vehicles,Electric Vehicles,Automotive & Sports,1
378,Robotics,Robotics,Others,1
379,Travel & Tourism,Travel & Tourism,Entertainment,1
380,Console Gaming,Console Gaming,Entertainment,1
381,IaaS,IaaS,Others,1
382,Optimization,Optimization,Others,1
383,Staffing Firms,Staffing Firms,Others,1
384,Graphics,Graphics,"News, Search and Messaging",1
385,Online Gaming,Online Gaming,Entertainment,1
386,Storage,Storage,Manufacturing,1
387,Lighting,Lighting,Cleantech / Semiconductors,1
388,Lead Generation,Lead Generation,Others,1
389,Lifestyle,Lifestyle,Entertainment,1
390,Content Discovery,Content Discovery,Entertainment,1
391,Enterprise 2.0,Enterprise 2.0,Others,1
392,Data Center Automation,Data Center Automation,"Social, Finance, Analytics, Advertising",1
393,Call Center Automation,Call Center Automation,"News, Search and Messaging",1
394,Linux,Linux,Others,1
395,SexTech,SexTech,Health,1
396,Non Profit,Non Profit,Others,1
397,Customer Support Tools,Customer Support Tools,"Social, Finance, Analytics, Advertising",1
398,Contests,Contests,Entertainment,1
399,Browser Extensions,Browser Extensions,"News, Search and Messaging",1
400,Data Center Infrastructure,Data Center Infrastructure,"Social, Finance, Analytics, Advertising",1
401,IT and Cybersecurity,IT and Cybersecurity,Others,1
402,Language Learning,Language Learning,Others,1
403,Gamification,Gamification,Entertainment,1
404,Sporting Goods,Sporting Goods,Automotive & Sports,1
405,Concerts,Concerts,Entertainment,1
406,Match-Making,Match-Making,Others,1
407,Civil Engineers,Civil Engineers,Manufacturing,1
408,Online Education,Online Education,Others,1
409,Mobile Health,Mobile Health,Health,1
410,Online Reservations,Online Reservations,"News, Search and Messaging",1
411,Privacy,Privacy,Others,1
412,Game Mechanics,Game Mechanics,Entertainment,1
413,Home Owners,Home Owners,Others,1
414,Video Games,Video Games,Entertainment,1
415,Web Development,Web Development,Others,1
416,Enterprise Application,Enterprise Application,Others,1
417,Freemium,Freemium,"Social, Finance, Analytics, Advertising",1
418,Group SMS,Group SMS,"News, Search and Messaging",1
419,Dietary Supplements,Dietary Supplements,Health,1
420,Mobile Devices,Mobile Devices,"News, Search and Messaging",1
421,Textiles,Textiles,Others,1
422,Plumbers,Plumbers,Others,1
423,Web Design,Web Design,"News, Search and Messaging",1
424,Building Products,Building Products,Manufacturing,1
425,Heavy Industry,Heavy Industry,Automotive & Sports,1
426,B2B Express Delivery,B2B Express Delivery,"Social, Finance, Analytics, Advertising",1
427,Interior Design,Interior Design,Entertainment,1
428,Displays,Displays,Manufacturing,1
429,Humanitarian,Humanitarian,Others,1
430,Gas,Gas,Cleantech / Semiconductors,1
431,Semiconductor Manufacturing Equipment,Semiconductor Manufacturing Equipment,Cleantech / Semiconductors,1
432,Clean Technology IT,Clean Technology IT,Cleantech / Semiconductors,1
433,Synchronization,Synchronization,Others,1
434,Senior Citizens,Senior Citizens,Health,1
435,General Public Worldwide,General Public Worldwide,Others,1
436,Entrepreneur,Entrepreneur,Others,1
437,Kids,Kids,Others,1
438,Demographies,Demographies,"News, Search and Messaging",1
439,FinTech,FinTech,"Social, Finance, Analytics, Advertising",1
440,Mobile Shopping,Mobile Shopping,"Social, Finance, Analytics, Advertising",1
441,Guides,Guides,Others,1
442,Data Visualization,Data Visualization,"Social, Finance, Analytics, Advertising",1
443,Printing,Printing,Others,1
444,Specialty Chemicals,Specialty Chemicals,Health,1
445,Film Production,Film Production,Entertainment,1
446,Training,Training,Others,1
447,Human Computer Interaction,Human Computer Interaction,Others,1
448,Recycling,Recycling,Cleantech / Semiconductors,1
449,Biofuels,Biofuels,Cleantech / Semiconductors,1
450,SNS,SNS,Others,1
451,Celebrity,Celebrity,Entertainment,1
452,Stock Exchanges,Stock Exchanges,"Social, Finance, Analytics, Advertising",1
453,Maps,Maps,"News, Search and Messaging",1
454,Advanced Materials,Advanced Materials,Manufacturing,1
455,Oil,Oil,Others,1
456,Television,Television,Entertainment,1
457,Polling,Polling,Others,1
458,Eyewear,Eyewear,Health,1
459,RFID,RFID,Others,1
460,Outdoors,Outdoors,Health,1
461,Religion,Religion,Others,1
462,Peer-to-Peer,Peer-to-Peer,"News, Search and Messaging",1
463,Adventure Travel,Adventure Travel,Automotive & Sports,1
464,Limousines,Limousines,Automotive & Sports,1
465,Price Comparison,Price Comparison,"Social, Finance, Analytics, Advertising",1
466,Shipping,Shipping,Others,1
467,Brewing,Brewing,Entertainment,1
468,Mobile Enterprise,Mobile Enterprise,"News, Search and Messaging",1
469,Resorts,Resorts,Entertainment,1
470,Portals,Portals,Others,1
471,Oil and Gas,Oil and Gas,Others,1
472,Social Bookmarking,Social Bookmarking,"Social, Finance, Analytics, Advertising",1
473,Web Browsers,Web Browsers,"News, Search and Messaging",1
474,Mobile Software Tools,Mobile Software Tools,Manufacturing,1
475,Home Renovation,Home Renovation,Others,1
476,Debt Collecting,Debt Collecting,"Social, Finance, Analytics, Advertising",1
477,Indoor Positioning,Indoor Positioning,Others,1
478,Video on Demand,Video on Demand,Entertainment,1
479,Geospatial,Geospatial,Others,1
480,Video Conferencing,Video Conferencing,Entertainment,1
481,Craft Beer,Craft Beer,Entertainment,1
482,Product Design,Product Design,Others,1
483,Business Information Systems,Business Information Systems,"Social, Finance, Analytics, Advertising",1
484,Mobile Payments,Mobile Payments,"Social, Finance, Analytics, Advertising",1
485,High Tech,High Tech,Others,1
486,Theatre,Theatre,Entertainment,1
487,Web Tools,Web Tools,Others,1
488,Online Dating,Online Dating,"News, Search and Messaging",1
489,Cloud-Based Music,Cloud-Based Music,"News, Search and Messaging",1
490,Edutainment,Edutainment,Entertainment,1
491,Mens Specific,Mens Specific,Health,1
492,High School Students,High School Students,Others,1
493,High Schools,High Schools,Others,1
494,Advertising Networks,Advertising Networks,"Social, Finance, Analytics, Advertising",1
495,Material Science,Material Science,Cleantech / Semiconductors,1
496,Social CRM,Social CRM,"Social, Finance, Analytics, Advertising",1
497,Lotteries,Lotteries,"Social, Finance, Analytics, Advertising",1
498,Green Consumer Goods,Green Consumer Goods,Cleantech / Semiconductors,1
499,In-Flight Entertainment,In-Flight Entertainment,Entertainment,1
500,M2M,M2M,Others,1
501,Retail Technology,Retail Technology,"Social, Finance, Analytics, Advertising",1
502,Business Travelers,Business Travelers,Entertainment,1
503,Face Recognition,Face Recognition,"Social, Finance, Analytics, Advertising",1
504,Musical Instruments,Musical Instruments,Entertainment,1
505,Energy IT,Energy IT,Cleantech / Semiconductors,1
506,Skill Assessment,Skill Assessment,Others,1
507,Custom Retail,Custom Retail,"Social, Finance, Analytics, Advertising",1
508,Translation,Translation,Others,1
509,Genetic Testing,Genetic Testing,Health,1
510,Space Travel,Space Travel,Cleantech / Semiconductors,1
511,Fruit,Fruit,Others,1
512,Tourism,Tourism,Entertainment,1
513,Disruptive Models,Disruptive Models,Cleantech / Semiconductors,1
514,P2P Money Transfer,P2P Money Transfer,"Social, Finance, Analytics, Advertising",1
515,College Recruiting,College Recruiting,"Social, Finance, Analytics, Advertising",1
516,Fertility,Fertility,Cleantech / Semiconductors,1
517,Commercial Solar,Commercial Solar,Cleantech / Semiconductors,1
518,Interest Graph,Interest Graph,Others,1
519,Baby Safety,Baby Safety,Health,1
520,Photo Editing,Photo Editing,Entertainment,1
521,Pre Seed,Pre Seed,"Social, Finance, Analytics, Advertising",1
522,Local Commerce,Local Commerce,Others,1
523,Nutrition,Nutrition,Health,1
524,Physicians,Physicians,Health,1
525,Social Fundraising,Social Fundraising,"Social, Finance, Analytics, Advertising",1
526,Senior Health,Senior Health,Health,1
527,BPO Services,BPO Services,"Social, Finance, Analytics, Advertising",1
528,Procurement,Procurement,Others,1
529,QR Codes,QR Codes,Others,1
530,Independent Pharmacies,Independent Pharmacies,Health,1
531,Jewelry,Jewelry,Entertainment,1
532,Solar,Solar,Cleantech / Semiconductors,1
533,Air Pollution Control,Air Pollution Control,Cleantech / Semiconductors,1
534,Enterprise Resource Planning,Enterprise Resource Planning,Others,1
535,Presentations,Presentations,Others,1
536,Loyalty Programs,Loyalty Programs,Others,1
537,Search Marketing,Search Marketing,"News, Search and Messaging",1
538,Mobile Advertising,Mobile Advertising,"Social, Finance, Analytics, Advertising",1
539,Incentives,Incentives,"Social, Finance, Analytics, Advertising",1
540,Local Based Services,Local Based Services,Others,1
541,Social Games,Social Games,"Social, Finance, Analytics, Advertising",1
542,Cosmetic Surgery,Cosmetic Surgery,Health,1
543,Mobile Infrastructure,Mobile Infrastructure,Manufacturing,1
544,Soccer,Soccer,Automotive & Sports,1
545,Social Media Marketing,Social Media Marketing,"Social, Finance, Analytics, Advertising",1
546,Early-Stage Technology,Early-Stage Technology,Cleantech / Semiconductors,1
547,Enterprise Purchasing,Enterprise Purchasing,"Social, Finance, Analytics, Advertising",1
548,mHealth,mHealth,Health,1
549,Music Education,Music Education,Entertainment,1
550,Virtual Workforces,Virtual Workforces,Entertainment,1
551,Shared Services,Shared Services,Others,1
552,Reputation,Reputation,Others,1
553,Young Adults,Young Adults,Others,1
554,Independent Music Labels,Independent Music Labels,Entertainment,1
555,MicroBlogging,MicroBlogging,"News, Search and Messaging",1
556,Water Purification,Water Purification,Cleantech / Semiconductors,1
557,Music Venues,Music Venues,Entertainment,1
558,Taxis,Taxis,Others,1
559,Social Buying,Social Buying,"Social, Finance, Analytics, Advertising",1
560,Social + Mobile + Local,Social + Mobile + Local,"Social, Finance, Analytics, Advertising",1
561,Gift Exchange,Gift Exchange,Others,1
562,Ride Sharing,Ride Sharing,"News, Search and Messaging",1
563,Neuroscience,Neuroscience,Health,1
564,Parenting,Parenting,Others,1
565,Mechanical Solutions,Mechanical Solutions,Cleantech / Semiconductors,1
566,User Interface,User Interface,Others,1
567,Watch,Watch,Others,1
568,Surveys,Surveys,Others,1
569,Music Services,Music Services,Entertainment,1
570,Service Industries,Service Industries,Others,1
571,Tracking,Tracking,Others,1
572,Gift Registries,Gift Registries,Others,1
