,name,country_code,primary_sector,main_sector,raised_amount_usd
36038,OneWeb,GBR,Technology,Others,500000000.0
41237,Liquid Telecom,GBR,Telecommunications,Others,150000000.0
38109,Six Degrees Group,GBR,Web Hosting,Others,93863505.0
22780,Farfetch,GBR,E-Commerce,Others,86000000.0
22781,Farfetch,GBR,E-Commerce,Others,66000000.0
37728,Xplornet,GBR,Web Hosting,Others,55000000.0
35919,Cambridge Quantum Computing Limited,GBR,Technology,Others,50000000.0
18924,NewVoiceMedia,GBR,Enterprise Software,Others,50000000.0
2676,Avecto,GBR,Software,Others,49000000.0
18392,EVIIVO,GBR,Enterprise Software,Others,48919968.0
5270,Picsel Technologies,GBR,Software,Others,46500000.0
17895,Adapt,GBR,Enterprise Software,Others,46168126.0
22905,GO Outdoors,GBR,E-Commerce,Others,45691558.0
23473,EZBOB,GBR,E-Commerce,Others,44941800.0
3536,OrderDynamics,GBR,Software,Others,41000000.0
46017,Aixuedai,GBR,iPhone,Others,40000000.0
23450,onefinestay,GBR,E-Commerce,Others,40000000.0
23237,Lyst,GBR,E-Commerce,Others,40000000.0
36075,SilverRail Technologies,GBR,Technology,Others,40000000.0
24173,WorldStores,GBR,E-Commerce,Others,38484629.0
18923,NewVoiceMedia,GBR,Enterprise Software,Others,35000000.0
45300,Telnic,GBR,Ediscovery,Others,35000000.0
3830,GameAccount Network,GBR,Software,Others,33638582.0
23368,MyOptique Group,GBR,E-Commerce,Others,31294496.0
23289,MetaPack,GBR,E-Commerce,Others,30305028.0
46820,Blink,GBR,Location Based Services,Others,30000000.0
5909,SiteMinder,GBR,Software,Others,30000000.0
23370,MyOptique Group,GBR,E-Commerce,Others,27227090.0
6278,Tideway,GBR,Software,Others,27000000.0
5266,picoChip,GBR,Software,Others,27000000.0
39629,Workable,GBR,Human Resources,Others,27000000.0
19465,Tesco,GBR,Enterprise Software,Others,26172716.0
23732,Seatwave,GBR,E-Commerce,Others,25000000.0
23451,onefinestay,GBR,E-Commerce,Others,25000000.0
2513,Antenna Software,GBR,Software,Others,24644493.0
5486,Ramesys (e-Business) Services,GBR,Software,Others,24250000.0
6663,Workshare,GBR,Software,Others,23000000.0
41216,Cambridge Broadband Networks,GBR,Telecommunications,Others,22500000.0
46320,Darktrace,GBR,Network Security,Others,22500000.0
5481,RadioScape,GBR,Software,Others,22274927.0
38148,Telinet,GBR,Web Hosting,Others,21720000.0
23926,The Cambridge Satchel Company,GBR,E-Commerce,Others,21000000.0
5264,picoChip,GBR,Software,Others,20500000.0
37687,Aepona,GBR,Web Hosting,Others,20000000.0
23222,LoveCrafts,GBR,E-Commerce,Others,20000000.0
5268,picoChip,GBR,Software,Others,20000000.0
18922,NewVoiceMedia,GBR,Enterprise Software,Others,20000000.0
22778,Farfetch,GBR,E-Commerce,Others,20000000.0
5265,picoChip,GBR,Software,Others,20000000.0
22779,Farfetch,GBR,E-Commerce,Others,18000000.0
46321,Darktrace,GBR,Network Security,Others,18000000.0
4345,Jobpartners,GBR,Software,Others,17226000.0
31826,Mobileway,GBR,Services,Others,17000000.0
5267,picoChip,GBR,Software,Others,17000000.0
23731,Seatwave,GBR,E-Commerce,Others,17000000.0
18933,Nexsan,GBR,Enterprise Software,Others,17000000.0
4081,Impero Software Limited,GBR,Software,Others,16845651.0
41215,Cambridge Broadband Networks,GBR,Telecommunications,Others,16500000.0
39242,SealedMedia,GBR,Security,Others,16500000.0
15919,Wear Inns,GBR,Hospitality,Others,16151032.0
23369,MyOptique Group,GBR,E-Commerce,Others,16016280.0
6706,Spotware Systems / cTrader,GBR,Software,Others,15973200.0
18466,GCI Com,GBR,Enterprise Software,Others,15882388.0
36098,Ultrahaptics,GBR,Technology,Others,15606530.0
18879,MOVE Guides,GBR,Enterprise Software,Others,15600000.0
24174,WorldStores,GBR,E-Commerce,Others,15200000.0
2514,Antenna Software,GBR,Software,Others,15000001.0
2712,Azure Solutions,GBR,Software,Others,15000000.0
4271,ip.access,GBR,Software,Others,15000000.0
39264,SenSage,GBR,Security,Others,15000000.0
6352,Tribold,GBR,Software,Others,15000000.0
36077,SilverRail Technologies,GBR,Technology,Others,15000000.0
3641,EnvironmentIQ,GBR,Software,Others,15000000.0
23420,Notonthehighstreet,GBR,E-Commerce,Others,15000000.0
23367,MyOptique Group,GBR,E-Commerce,Others,14656237.0
24054,KaliteUKASH,GBR,E-Commerce,Others,14400000.0
23425,Ocapo,GBR,E-Commerce,Others,14394888.0
23236,Lyst,GBR,E-Commerce,Others,14000000.0
49348,State,GBR,Open Source,Others,14000000.0
18372,Enigmatec,GBR,Enterprise Software,Others,14000000.0
3014,Celona Technologies,GBR,Software,Others,14000000.0
22278,ACS Clothing,GBR,E-Commerce,Others,13359377.0
23366,MyOptique Group,GBR,E-Commerce,Others,13038376.0
4963,Njini,GBR,Software,Others,13000000.0
22279,ACS Clothing,GBR,E-Commerce,Others,12879637.0
22369,BathEmpire,GBR,E-Commerce,Others,12879637.0
38108,Six Degrees Group,GBR,Web Hosting,Others,12529381.0
18373,Enigmatec,GBR,Enterprise Software,Others,12500000.0
45239,Prodigy Finance,GBR,Alumni,Others,12500000.0
23452,onefinestay,GBR,E-Commerce,Others,12200000.0
22370,Bathrooms.com,GBR,E-Commerce,Others,12060066.0
15908,Velocity,GBR,Hospitality,Others,12000000.0
3570,Electric Cloud,GBR,Software,Others,12000000.0
3555,Eglue Business Technologies,GBR,Software,Others,12000000.0
23422,Notonthehighstreet,GBR,E-Commerce,Others,11900000.0
19376,SRL Global,GBR,Enterprise Software,Others,11625112.0
40438,Native Networks,GBR,Networking,Others,11500000.0
46577,Yieldify,GBR,Algorithms,Others,11500000.0
37703,APSU,GBR,Web Hosting,Others,11200000.0
6353,Tribold,GBR,Software,Others,11000000.0
19494,Tigerspike,GBR,Enterprise Software,Others,11000000.0
3367,Cytura Corp,GBR,Software,Others,11000000.0
6343,Trema Group,GBR,Software,Others,10510000.0
46698,Valldata Services,GBR,Nonprofits,Others,10351376.0
38026,OpenCloud,GBR,Web Hosting,Others,10250000.0
39265,SenSage,GBR,Security,Others,10000000.0
18603,InforSense,GBR,Enterprise Software,Others,10000000.0
2769,BIZZBY,GBR,Software,Others,10000000.0
4909,Neverfail,GBR,Software,Others,10000000.0
22550,ChemistDirect,GBR,E-Commerce,Others,10000000.0
14086,Fuse Universal,GBR,Education,Others,10000000.0
50736,Yoyo Wallet,GBR,Loyalty Programs,Others,10000000.0
19059,Performance Horizon,GBR,Enterprise Software,Others,10000000.0
37685,Aepona,GBR,Web Hosting,Others,10000000.0
37686,Aepona,GBR,Web Hosting,Others,10000000.0
37727,Xplornet,GBR,Web Hosting,Others,10000000.0
3556,Eglue Business Technologies,GBR,Software,Others,10000000.0
38976,ETF Securities,GBR,Security,Others,10000000.0
38028,OpenCloud,GBR,Web Hosting,Others,10000000.0
4273,ip.access,GBR,Software,Others,10000000.0
18698,Kelway,GBR,Enterprise Software,Others,9690000.0
19129,Qinec,GBR,Enterprise Software,Others,9182806.0
18985,OmPrompt,GBR,Enterprise Software,Others,9068595.0
41217,Cambridge Broadband Networks,GBR,Telecommunications,Others,9000000.0
3565,Electric Cloud,GBR,Software,Others,9000000.0
50334,Lost My Name,GBR,Kids,Others,9000000.0
36076,SilverRail Technologies,GBR,Technology,Others,9000000.0
39243,SealedMedia,GBR,Security,Others,8500000.0
14505,DUNCAN & Todd,GBR,Local Businesses,Others,8485408.0
19466,Tesco,GBR,Enterprise Software,Others,8437845.0
50254,E-LeatherGroup,GBR,Textiles,Others,8425073.0
6761,Zynstra,GBR,Software,Others,8400000.0
22914,Gousto,GBR,E-Commerce,Others,8300000.0
3535,OrderDynamics,GBR,Software,Others,8260000.0
18880,MOVE Guides,GBR,Enterprise Software,Others,8199999.0
15886,Suso,GBR,Hospitality,Others,8076566.0
5066,Open Energi,GBR,Software,Others,8056070.0
5783,Semmle,GBR,Software,Others,8000000.0
23730,Seatwave,GBR,E-Commerce,Others,8000000.0
46568,Thread,GBR,Algorithms,Others,8000000.0
3566,Electric Cloud,GBR,Software,Others,8000000.0
3567,Electric Cloud,GBR,Software,Others,8000000.0
38174,Vodat International,GBR,Web Hosting,Others,7927687.0
31447,MedaPhor,GBR,EdTech,Others,7859531.0
38027,OpenCloud,GBR,Web Hosting,Others,7722766.0
4396,KeTech,GBR,Software,Others,7623462.0
2525,AOMi,GBR,Software,Others,7576257.0
23738,SecretSales,GBR,E-Commerce,Others,7560822.0
41214,Cambridge Broadband Networks,GBR,Telecommunications,Others,7500000.0
6563,Volantis Systems,GBR,Software,Others,7500000.0
18932,Nexsan,GBR,Enterprise Software,Others,7500000.0
23223,LoveCrafts,GBR,E-Commerce,Others,7500000.0
3982,Helveta,GBR,Software,Others,7270000.0
22805,Fits.me,GBR,E-Commerce,Others,7200000.0
18888,Mtivity,GBR,Enterprise Software,Others,7080000.0
6406,Unii,GBR,Software,Others,7039132.0
13986,Peak,GBR,Education,Others,7000000.0
5904,Site Intelligence,GBR,Software,Others,7000000.0
22907,GoCardless,GBR,E-Commerce,Others,7000000.0
19448,Telepartner,GBR,Enterprise Software,Others,7000000.0
5269,picoChip,GBR,Software,Others,7000000.0
6641,WinBuyer,GBR,Software,Others,6900000.0
23891,Swoon Editions,GBR,E-Commerce,Others,6802219.0
31343,Busuu,GBR,EdTech,Others,6700000.0
46687,Sandwell Community Caring Trust (SCCT),GBR,Nonprofits,Others,6515581.0
4343,Jobpartners,GBR,Software,Others,6513500.0
22611,Crawford Scientific,GBR,E-Commerce,Others,6469163.0
3981,Helveta,GBR,Software,Others,6427597.0
2515,Antenna Software,GBR,Software,Others,6374457.0
18921,NewVoiceMedia,GBR,Enterprise Software,Others,6300000.0
18343,Ecrebo,GBR,Enterprise Software,Others,6300000.0
18299,Datanomic,GBR,Enterprise Software,Others,6300000.0
5600,Rhetorical Systems,GBR,Software,Others,6282049.0
39267,SenSage,GBR,Security,Others,6250000.0
23254,Marcandi,GBR,E-Commerce,Others,6190000.0
23244,MadBid.com,GBR,E-Commerce,Others,6161968.0
37756,Bluebell Telecom,GBR,Web Hosting,Others,6124490.0
18070,Blackbay,GBR,Enterprise Software,Others,6110000.0
39336,Usentric,GBR,Security,Others,6110000.0
49469,deltaDOT,GBR,Life Sciences,Others,6100000.0
39328,TSSI Systems,GBR,Security,Others,6084330.0
46555,eCourier.co.uk,GBR,Algorithms,Others,6064606.0
15688,Barburrito,GBR,Hospitality,Others,6022987.0
18371,Enigmatec,GBR,Enterprise Software,Others,6000000.0
5110,Origami Energy,GBR,Software,Others,5809932.0
19537,Trampoline Systems,GBR,Enterprise Software,Others,5799119.0
6746,Zeus,GBR,Software,Others,5755911.0
5642,Rootstock Software,GBR,Software,Others,5750000.0
18435,Flexiant,GBR,Enterprise Software,Others,5716641.0
5908,SiteMinder,GBR,Software,Others,5715957.0
38939,Deep-Secure,GBR,Security,Others,5596159.0
3095,Clarisite,GBR,Software,Others,5500000.0
38840,Biometric Security,GBR,Security,Others,5500000.0
6726,ZBD Displays,GBR,Software,Others,5430000.0
15679,Almondy,GBR,Hospitality,Others,5407412.0
22875,Gear4music.com,GBR,E-Commerce,Others,5385352.0
22806,Fits.me,GBR,E-Commerce,Others,5300000.0
6747,Zeus,GBR,Software,Others,5100000.0
14176,Medikidz,GBR,Education,Others,5055753.0
4344,Jobpartners,GBR,Software,Others,5023000.0
23238,Lyst,GBR,E-Commerce,Others,5000000.0
36074,SilverRail Technologies,GBR,Technology,Others,5000000.0
19570,Udex,GBR,Enterprise Software,Others,5000000.0
23577,PhotoBox,GBR,E-Commerce,Others,5000000.0
39268,SenSage,GBR,Security,Others,5000000.0
49614,ParcelGenie,GBR,Gift Card,Others,5000000.0
50791,Vector Watch,GBR,Watch,Others,5000000.0
2890,BullGuard,GBR,Software,Others,5000000.0
4962,Njini,GBR,Software,Others,5000000.0
2718,Bacula Systems,GBR,Software,Others,5000000.0
4172,Intamac Systems,GBR,Software,Others,4910800.0
23660,Reevoo,GBR,E-Commerce,Others,4909277.0
4759,Mobile Cohesion,GBR,Software,Others,4800000.0
23793,Shuropody,GBR,E-Commerce,Others,4792797.0
23474,EZBOB,GBR,E-Commerce,Others,4715880.0
31344,Busuu,GBR,EdTech,Others,4700000.0
6727,ZBD Displays,GBR,Software,Others,4700000.0
19572,UniServity,GBR,Enterprise Software,Others,4700000.0
3979,Helveta,GBR,Software,Others,4686684.0
15678,Almondy,GBR,Hospitality,Others,4630887.0
22498,Buyapowa,GBR,E-Commerce,Others,4600000.0
3990,High Integrity Solutions,GBR,Software,Others,4556909.0
24132,Wedo Shopping,GBR,E-Commerce,Others,4545754.0
22782,Farfetch,GBR,E-Commerce,Others,4500000.0
6662,Workshare,GBR,Software,Others,4500000.0
23472,EZBOB,GBR,E-Commerce,Others,4324395.0
45585,myhomemove,GBR,Legal,Others,4310117.0
18212,ClusterSeven,GBR,Enterprise Software,Others,4280000.0
42636,Horbury Group,GBR,Logistics,Others,4253074.0
3571,Electric Cloud,GBR,Software,Others,4244999.0
18984,OmPrompt,GBR,Enterprise Software,Others,4244626.0
23708,Rutland Cycling,GBR,E-Commerce,Others,4242704.0
42659,Wheelright,GBR,Logistics,Others,4240774.0
3330,CriticalBlue,GBR,Software,Others,4110000.0
2591,Aria Networks,GBR,Software,Others,4000000.0
23794,Shutl,GBR,E-Commerce,Others,4000000.0
15909,Velocity,GBR,Hospitality,Others,4000000.0
3329,CriticalBlue,GBR,Software,Others,4000000.0
22474,Boticca,GBR,E-Commerce,Others,4000000.0
13924,10 Minutes With,GBR,Education,Others,4000000.0
3727,Fashion GPS,GBR,Software,Others,4000000.0
3568,Electric Cloud,GBR,Software,Others,4000000.0
3423,DEM Solutions,GBR,Software,Others,3980000.0
3010,Celaton,GBR,Software,Others,3954556.0
2592,Aria Networks,GBR,Software,Others,3950000.0
5648,Rostima,GBR,Software,Others,3890000.0
22447,Bloom & Wild,GBR,E-Commerce,Others,3878283.0
45586,myhomemove,GBR,Legal,Others,3872993.0
6762,Zynstra,GBR,Software,Others,3800000.0
46554,eCourier.co.uk,GBR,Algorithms,Others,3761685.0
22327,asap54.com,GBR,E-Commerce,Others,3750000.0
3978,Helveta,GBR,Software,Others,3736166.0
2461,Alaric Systems,GBR,Software,Others,3716711.0
3326,CriticalBlue,GBR,Software,Others,3700000.0
23453,onefinestay,GBR,E-Commerce,Others,3700000.0
3327,CriticalBlue,GBR,Software,Others,3700000.0
6449,Velsys Limited,GBR,Software,Others,3690000.0
39632,4th Office,GBR,Office Space,Others,3607956.0
4235,Intuwave,GBR,Software,Others,3600000.0
6376,TweetDeck,GBR,Software,Others,3500000.0
4372,KAL,GBR,Software,Others,3493737.0
2462,Alaric Systems,GBR,Software,Others,3485433.0
22727,eMoov,GBR,E-Commerce,Others,3462113.0
22968,Hubbub,GBR,E-Commerce,Others,3398489.0
23035,IOCS,GBR,E-Commerce,Others,3394145.0
5137,Oxehealth,GBR,Software,Others,3359105.0
4397,KeTech,GBR,Software,Others,3304815.0
22909,GoCardless,GBR,E-Commerce,Others,3300000.0
46565,Special Network Services,GBR,Algorithms,Others,3207946.0
22361,BagThat,GBR,E-Commerce,Others,3200000.0
22360,BagThat,GBR,E-Commerce,Others,3200000.0
45584,myhomemove,GBR,Legal,Others,3191682.0
3016,Celona Technologies,GBR,Software,Others,3190000.0
3234,Concurrent Thinking,GBR,Software,Others,3190000.0
3013,Cellcrypt,GBR,Software,Others,3150000.0
4604,Magiq,GBR,Software,Others,3107303.0
19060,Performance Horizon,GBR,Enterprise Software,Others,3100000.0
18157,CensorNet,GBR,Enterprise Software,Others,3061146.0
5375,Process System Enterprise,GBR,Software,Others,3040000.0
18211,ClusterSeven,GBR,Enterprise Software,Others,3010000.0
3801,FreeAgent,GBR,Software,Others,3000000.0
23115,Kelkoo,GBR,E-Commerce,Others,3000000.0
31758,Anacail,GBR,Services,Others,3000000.0
22499,Buyapowa,GBR,E-Commerce,Others,3000000.0
22797,Festicket,GBR,E-Commerce,Others,3000000.0
3880,Glaxstar,GBR,Software,Others,3000000.0
4503,Level Four Software,GBR,Software,Others,3000000.0
19569,Ubisense,GBR,Enterprise Software,Others,3000000.0
3292,Corizon,GBR,Software,Others,3000000.0
23733,Seatwave,GBR,E-Commerce,Others,3000000.0
14033,Digital Assess,GBR,Education,Others,3000000.0
2988,Caspian Learning,GBR,Software,Others,2950000.0
3977,Helveta,GBR,Software,Others,2900000.0
22432,Billetto,GBR,E-Commerce,Others,2877820.0
24024,Tribesports,GBR,E-Commerce,Others,2800000.0
22588,Cogbooks,GBR,E-Commerce,Others,2800000.0
18887,Mtivity,GBR,Enterprise Software,Others,2600000.0
3148,Cloud Direct,GBR,Software,Others,2503087.0
19128,Qinec,GBR,Enterprise Software,Others,2500000.0
3228,Concorde Solutions,GBR,Software,Others,2500000.0
17878,Achilles Group,GBR,Enterprise Software,Others,2500000.0
39304,The Key Revolution,GBR,Security,Others,2460000.0
6130,Synchro,GBR,Software,Others,2450000.0
24025,Tribesports,GBR,E-Commerce,Others,2400000.0
23657,Reevoo,GBR,E-Commerce,Others,2400000.0
40479,The-Dots,GBR,Networking,Others,2319020.0
22294,ALEXANDALEXA,GBR,E-Commerce,Others,2316062.0
14324,ThirdSpaceLearning,GBR,Education,Others,2312174.0
39109,Metrasens,GBR,Security,Others,2280161.0
22248,31Dover,GBR,E-Commerce,Others,2274716.0
22887,Getlenses.co.uk,GBR,E-Commerce,Others,2200280.0
6381,Txt4,GBR,Software,Others,2180000.0
3537,OrderDynamics,GBR,Software,Others,2150000.0
23298,minicabit,GBR,E-Commerce,Others,2143885.0
23048,Isabella Oliver,GBR,E-Commerce,Others,2121352.0
6351,Tribold,GBR,Software,Others,2120000.0
18785,Lystable,GBR,Enterprise Software,Others,2110000.0
6652,Wonder Works Media,GBR,Software,Others,2030000.0
19213,Saaspoint,GBR,Enterprise Software,Others,2010000.0
38838,Biometric Security,GBR,Security,Others,2004450.0
15747,FOODit,GBR,Hospitality,Others,2000000.0
23795,Shutl,GBR,E-Commerce,Others,2000000.0
4236,Invenias,GBR,Software,Others,2000000.0
3328,CriticalBlue,GBR,Software,Others,2000000.0
4238,Invenias,GBR,Software,Others,2000000.0
38839,Biometric Security,GBR,Security,Others,1970000.0
5846,Short Fuze,GBR,Software,Others,1930000.0
50181,DecisionSim,GBR,Online Education,Others,1850000.0
6252,TestPlant,GBR,Software,Others,1800000.0
18171,CIQUAL,GBR,Enterprise Software,Others,1798555.0
18550,i-design Multimedia,GBR,Enterprise Software,Others,1770000.0
3424,DEM Solutions,GBR,Software,Others,1770000.0
19151,Raft International,GBR,Enterprise Software,Others,1760000.0
23119,Keynoir,GBR,E-Commerce,Others,1740000.0
3520,Dynamic IT Management Services,GBR,Software,Others,1700000.0
3015,Celona Technologies,GBR,Software,Others,1700000.0
3720,Factonomy,GBR,Software,Others,1690000.0
22961,Hire Space,GBR,E-Commerce,Others,1684565.0
19593,Vamosa,GBR,Enterprise Software,Others,1659006.0
18406,Exterity,GBR,Enterprise Software,Others,1651125.0
18386,eReceipts,GBR,Enterprise Software,Others,1629238.0
18988,oneDrum,GBR,Enterprise Software,Others,1614202.0
18107,Brightblue,GBR,Enterprise Software,Others,1612144.0
39902,Oxyntix,GBR,Startups,Others,1596003.0
3476,DisplayNote Technologies,GBR,Software,Others,1594194.0
18105,Breeze Tech,GBR,Enterprise Software,Others,1580000.0
4502,Level Four Software,GBR,Software,Others,1580000.0
40363,citysocializer,GBR,Networking,Others,1580000.0
49715,Key Forensic Services,GBR,Law Enforcement,Others,1569095.0
45281,amazingtunes,GBR,Ediscovery,Others,1569024.0
5483,RainBird Technologies,GBR,Software,Others,1564684.0
2933,Camrivox,GBR,Software,Others,1560000.0
2499,Analytics Engines,GBR,Software,Others,1515251.0
38176,VYRE Limited,GBR,Web Hosting,Others,1515078.0
24266,Zutux,GBR,E-Commerce,Others,1503926.0
3073,CInergy International UK,GBR,Software,Others,1500000.0
4237,Invenias,GBR,Software,Others,1500000.0
22810,FlatClub,GBR,E-Commerce,Others,1500000.0
22908,GoCardless,GBR,E-Commerce,Others,1500000.0
4173,Intamac Systems,GBR,Software,Others,1500000.0
39630,Workable,GBR,Human Resources,Others,1500000.0
23658,Reevoo,GBR,E-Commerce,Others,1500000.0
14220,Proversity,GBR,Education,Others,1500000.0
2987,Caspian Learning,GBR,Software,Others,1500000.0
3233,Concurrent Thinking,GBR,Software,Others,1500000.0
6382,Typemock,GBR,Software,Others,1500000.0
4174,Intamac Systems,GBR,Software,Others,1490000.0
4670,Mediasurface,GBR,Software,Others,1460000.0
18407,Exterity,GBR,Enterprise Software,Others,1440000.0
18139,Hubsphere,GBR,Enterprise Software,Others,1434300.0
39241,Scyron,GBR,Security,Others,1420000.0
5224,Permutive,GBR,Software,Others,1409067.0
39317,Traka,GBR,Security,Others,1400000.0
23121,KickSport,GBR,E-Commerce,Others,1375748.0
22528,Casabu,GBR,E-Commerce,Others,1339050.0
5647,Rostima,GBR,Software,Others,1325233.0
39354,Visonys,GBR,Security,Others,1320000.0
4742,Mirifice,GBR,Software,Others,1310000.0
45579,Lexoo,GBR,Legal,Others,1300000.0
4179,Integrated International Payroll,GBR,Software,Others,1300000.0
3937,GroupSpaces,GBR,Software,Others,1300000.0
4825,MyAppConverter,GBR,Software,Others,1287963.0
37771,Cable-Sense,GBR,Web Hosting,Others,1281302.0
6657,WorkCast,GBR,Software,Others,1280000.0
14175,Medikidz,GBR,Education,Others,1271250.0
4073,Imagineer Systems,GBR,Software,Others,1265400.0
4506,LicenseMetrics,GBR,Software,Others,1264400.0
31420,Immerse Learning,GBR,EdTech,Others,1260207.0
3803,FreeAgent,GBR,Software,Others,1250000.0
4226,Intrallect,GBR,Software,Others,1230000.0
5654,Rostima,GBR,Software,Others,1216727.0
3232,Concurrent Thinking,GBR,Software,Others,1212201.0
45588,Polyview Media,GBR,Legal,Others,1198763.0
6593,Warwick Warp,GBR,Software,Others,1190000.0
5023,OchreSoft Technologies,GBR,Software,Others,1178736.0
5870,Silver Lining Solutions,GBR,Software,Others,1160000.0
4044,Ideagen,GBR,Software,Others,1150000.0
4522,Liquid Accounts,GBR,Software,Others,1150000.0
2491,amBX,GBR,Software,Others,1120000.0
3980,Helveta,GBR,Software,Others,1110000.0
2593,Aria Networks,GBR,Software,Others,1100000.0
4505,Lexara,GBR,Software,Others,1090000.0
3408,Decision Curve,GBR,Software,Others,1080000.0
6412,Unite Technologies,GBR,Software,Others,1077803.0
2701,Axilica,GBR,Software,Others,1070000.0
3066,CICCWORLD,GBR,Software,Others,1031236.0
5644,Rootstock Software,GBR,Software,Others,1024999.0
14522,Mynt Facilities Services,GBR,Local Businesses,Others,1020571.0
18099,BookingBug,GBR,Enterprise Software,Others,1000000.0
3881,Glaxstar,GBR,Software,Others,1000000.0
18069,bizk.it,GBR,Enterprise Software,Others,1000000.0
31395,ETC Education,GBR,EdTech,Others,1000000.0
3802,FreeAgent,GBR,Software,Others,1000000.0
5649,Rostima,GBR,Software,Others,995968.0
3731,FDTEK,GBR,Software,Others,989000.0
5869,Silver Lining Solutions,GBR,Software,Others,987000.0
5646,Rootstock Software,GBR,Software,Others,965000.0
2540,AppLearn,GBR,Software,Others,947032.0
39014,Honeycomb Security Solutions,GBR,Security,Others,911000.0
45285,Mesmo.tv,GBR,Ediscovery,Others,900000.0
46563,Rummble Labs,GBR,Algorithms,Others,800000.0
5643,Rootstock Software,GBR,Software,Others,795000.0
3308,Covelus,GBR,Software,Others,789000.0
39095,Loksys Solutions,GBR,Security,Others,787126.0
17975,AppShare,GBR,Enterprise Software,Others,783603.0
2395,Adaptis Solutions,GBR,Software,Others,777729.0
3318,Creativity Software,GBR,Software,Others,767000.0
6251,TestPlant,GBR,Software,Others,764000.0
14097,Guroo,GBR,Education,Others,759353.0
39329,TurnTide,GBR,Security,Others,750000.0
5651,Rostima,GBR,Software,Others,738205.0
6308,Traceall Global,GBR,Software,Others,731710.0
4194,Intellistream,GBR,Software,Others,708000.0
6185,TBi Connect,GBR,Software,Others,671226.0
49136,Wauwaa,GBR,Advice,Others,660000.0
18344,eflow,GBR,Enterprise Software,Others,649000.0
2475,Allinea Software,GBR,Software,Others,643000.0
18173,Cisiv,GBR,Enterprise Software,Others,640458.0
19070,PipelineCheck.com,GBR,Enterprise Software,Others,599114.0
3569,Electric Cloud,GBR,Software,Others,598000.0
2364,Aconite Technology,GBR,Software,Others,592000.0
3169,CMS Global Technologies,GBR,Software,Others,589000.0
49337,Curverider,GBR,Open Source,Others,588384.0
4835,mySociety,GBR,Software,Others,575000.0
2459,Alai,GBR,Software,Others,573000.0
6092,Structure Vision,GBR,Software,Others,572000.0
19529,Tradeasi Solutions,GBR,Enterprise Software,Others,565000.0
19538,Trampoline Systems,GBR,Enterprise Software,Others,544000.0
37816,Conjunct,GBR,Web Hosting,Others,532850.0
35536,basestone,GBR,Enterprises,Others,526304.0
5013,Object Matrix,GBR,Software,Others,496000.0
5352,Presence Networks,GBR,Software,Others,490007.0
45699,Masterbranch,GBR,Employment,Others,470000.0
23290,MetaPack,GBR,E-Commerce,Others,467000.0
4133,Inform Direct,GBR,Software,Others,454575.0
19069,PipelineCheck.com,GBR,Enterprise Software,Others,453873.0
3306,Covalent Software,GBR,Software,Others,447000.0
3168,CMS Global Technologies,GBR,Software,Others,441000.0
2481,Altech Software,GBR,Software,Others,441000.0
3844,Genemation,GBR,Software,Others,440000.0
38786,Amba Defence,GBR,Security,Others,430548.0
6380,Txt4,GBR,Software,Others,430000.0
5944,So Protect Me,GBR,Software,Others,415000.0
45602,TrackaPhone,GBR,Legal,Others,412000.0
37817,Conjunct,GBR,Web Hosting,Others,402000.0
24026,Tribesports,GBR,E-Commerce,Others,400000.0
3252,Connexica,GBR,Software,Others,394842.0
3721,Factonomy,GBR,Software,Others,382000.0
3866,GeoVS,GBR,Software,Others,378901.0
4912,New Net Technologies,GBR,Software,Others,368000.0
40362,citysocializer,GBR,Networking,Others,360000.0
19725,Xactium,GBR,Enterprise Software,Others,349000.0
2928,Cambridge Positioning Systems,GBR,Software,Others,339000.0
5650,Rostima,GBR,Software,Others,331716.0
18952,NTQ-Data,GBR,Enterprise Software,Others,322325.0
31446,MedaPhor,GBR,EdTech,Others,303785.0
5067,Open Energi,GBR,Software,Others,300000.0
4471,Lattice Voice Technologies,GBR,Software,Others,295000.0
4120,Infoflow,GBR,Software,Others,258000.0
22904,Gloople,GBR,E-Commerce,Others,243540.0
2747,BiBCOM,GBR,Software,Others,240000.0
49481,Civico,GBR,Politics,Others,236000.0
22292,AirPOS,GBR,E-Commerce,Others,231393.0
15737,Escapism Media,GBR,Hospitality,Others,209000.0
4382,Kaos Solutions,GBR,Software,Others,199000.0
3002,CDSM Interactive Solutions,GBR,Software,Others,199000.0
4119,Infoflow,GBR,Software,Others,199000.0
4911,New Net Technologies,GBR,Software,Others,196000.0
48981,Performa Sports,GBR,iPad,Others,180000.0
39266,SenSage,GBR,Security,Others,179000.0
39222,Refund Exchange,GBR,Security,Others,177000.0
48980,Performa Sports,GBR,iPad,Others,172000.0
5572,reportbrain,GBR,Software,Others,145000.0
18071,Blackbay,GBR,Enterprise Software,Others,136474.0
5653,Rostima,GBR,Software,Others,135759.0
4395,KeTech,GBR,Software,Others,123072.0
14271,skillsbite.com,GBR,Education,Others,120000.0
48982,Performa Sports,GBR,iPad,Others,108000.0
5652,Rostima,GBR,Software,Others,105030.0
31482,Get Licensed,GBR,EdTech,Others,100000.0
14356,Uni2,GBR,Education,Others,83751.0
5571,reportbrain,GBR,Software,Others,55000.0
47327,Socii,GBR,Local,Others,54000.0
49926,Cloud 66,GBR,IaaS,Others,22414.0
5482,RainBird Technologies,GBR,Software,Others,10000.0
3798,FreeAgent,GBR,Software,Others,6689.0
18296,Datanomic,GBR,Enterprise Software,Others,4.0
